{
  "N_Status": {
    "rf": {
      "mean": 0.8737999999999999,
      "std": 0.009785703858180034,
      "folds": [
        0.8795,
        0.8765,
        0.8865,
        0.858,
        0.8685
      ]
    },
    "xgb": {
      "mean": 0.8792,
      "std": 0.007138627319029879,
      "folds": [
        0.8865,
        0.8755,
        0.889,
        0.8735,
        0.8715
      ]
    },
    "cat": {
      "mean": 0.8747,
      "std": 0.00654675492133316,
      "folds": [
        0.8775,
        0.8755,
        0.884,
        0.864,
        0.8725
      ]
    },
    "lgb": {
      "mean": 0.8742999999999999,
      "std": 0.009851903369400228,
      "folds": [
        0.878,
        0.8705,
        0.8915,
        0.863,
        0.8685
      ]
    },
    "ensemble": {
      "mean": 0.8774
    }
  },
  "P_Status": {
    "rf": {
      "mean": 0.9297000000000001,
      "std": 0.004166533331199952,
      "folds": [
        0.929,
        0.9235,
        0.932,
        0.936,
        0.928
      ]
    },
    "xgb": {
      "mean": 0.9324,
      "std": 0.0046840153714521136,
      "folds": [
        0.938,
        0.926,
        0.9365,
        0.9335,
        0.928
      ]
    },
    "cat": {
      "mean": 0.9316000000000001,
      "std": 0.004953786430600317,
      "folds": [
        0.9345,
        0.925,
        0.933,
        0.9385,
        0.927
      ]
    },
    "lgb": {
      "mean": 0.9322000000000001,
      "std": 0.005732364259186595,
      "folds": [
        0.939,
        0.93,
        0.9365,
        0.933,
        0.9225
      ]
    },
    "ensemble": {
      "mean": 0.9336
    }
  },
  "K_Status": {
    "rf": {
      "mean": 0.9001999999999999,
      "std": 0.004589117562233521,
      "folds": [
        0.9035,
        0.906,
        0.899,
        0.9,
        0.8925
      ]
    },
    "xgb": {
      "mean": 0.9037999999999998,
      "std": 0.005153639490690055,
      "folds": [
        0.9135,
        0.9025,
        0.8995,
        0.8995,
        0.904
      ]
    },
    "cat": {
      "mean": 0.9,
      "std": 0.004074309757492676,
      "folds": [
        0.9075,
        0.8975,
        0.8955,
        0.9,
        0.8995
      ]
    },
    "lgb": {
      "mean": 0.9036,
      "std": 0.0053609700614721,
      "folds": [
        0.914,
        0.9015,
        0.903,
        0.899,
        0.9005
      ]
    },
    "ensemble": {
      "mean": 0.9009
    }
  },
  "Primary_Fertilizer": {
    "rf": {
      "mean": 0.4829,
      "std": 0.013679912280420505,
      "folds": [
        0.4575,
        0.498,
        0.4835,
        0.4905,
        0.485
      ]
    },
    "xgb": {
      "mean": 0.5067999999999999,
      "std": 0.004894895300208162,
      "folds": [
        0.4995,
        0.51,
        0.5075,
        0.5135,
        0.5035
      ]
    },
    "cat": {
      "mean": 0.5199,
      "std": 0.013241601111648084,
      "folds": [
        0.497,
        0.5245,
        0.5375,
        0.5235,
        0.517
      ]
    },
    "lgb": {
      "mean": 0.5044,
      "std": 0.007598684096605143,
      "folds": [
        0.492,
        0.5125,
        0.512,
        0.5045,
        0.501
      ]
    },
    "ensemble": {
      "mean": 0.4142
    }
  },
  "pH_Amendment": {
    "rf": {
      "mean": 0.5868,
      "std": 0.005325410782277737,
      "folds": [
        0.5855,
        0.59,
        0.5855,
        0.5785,
        0.5945
      ]
    },
    "xgb": {
      "mean": 0.5829,
      "std": 0.007398648525237567,
      "folds": [
        0.5915,
        0.5835,
        0.58,
        0.5705,
        0.589
      ]
    },
    "cat": {
      "mean": 0.5845,
      "std": 0.006140032573203517,
      "folds": [
        0.581,
        0.5965,
        0.5835,
        0.5795,
        0.582
      ]
    },
    "lgb": {
      "mean": 0.5877000000000001,
      "std": 0.005732364259186598,
      "folds": [
        0.587,
        0.595,
        0.5895,
        0.5775,
        0.5895
      ]
    },
    "ensemble": {
      "mean": 0.5472
    }
  }
}