{
  "N_Status": {
    "rf": {
      "mean": 0.9940000000000001,
      "std": 0.0020493901531919434,
      "folds": [
        0.9955,
        0.9955,
        0.9945,
        0.99,
        0.9945
      ]
    },
    "xgb": {
      "mean": 0.9966000000000002,
      "std": 0.0011999999999999882,
      "folds": [
        0.9945,
        0.9975,
        0.9965,
        0.9965,
        0.998
      ]
    },
    "cat": {
      "mean": 0.9950000000000001,
      "std": 0.001923538406167148,
      "folds": [
        0.993,
        0.9945,
        0.993,
        0.9975,
        0.997
      ]
    },
    "lgb": {
      "mean": 0.9979000000000001,
      "std": 0.0008602325267042737,
      "folds": [
        0.997,
        0.998,
        0.9995,
        0.9975,
        0.9975
      ]
    },
    "ensemble": {
      "mean": 0.998
    }
  },
  "P_Status": {
    "rf": {
      "mean": 0.9981,
      "std": 0.001200000000000014,
      "folds": [
        0.998,
        0.996,
        0.9995,
        0.999,
        0.998
      ]
    },
    "xgb": {
      "mean": 0.9965999999999999,
      "std": 0.0010677078252031404,
      "folds": [
        0.995,
        0.9965,
        0.9975,
        0.996,
        0.998
      ]
    },
    "cat": {
      "mean": 0.9957,
      "std": 0.0011661903789690613,
      "folds": [
        0.9965,
        0.9945,
        0.9955,
        0.9975,
        0.9945
      ]
    },
    "lgb": {
      "mean": 0.9974999999999999,
      "std": 0.0007071067811865482,
      "folds": [
        0.9975,
        0.9985,
        0.998,
        0.997,
        0.9965
      ]
    },
    "ensemble": {
      "mean": 0.9976
    }
  },
  "K_Status": {
    "rf": {
      "mean": 0.991,
      "std": 0.00354964786985976,
      "folds": [
        0.9905,
        0.995,
        0.9925,
        0.9925,
        0.9845
      ]
    },
    "xgb": {
      "mean": 0.9964000000000001,
      "std": 0.0008602325267042789,
      "folds": [
        0.997,
        0.9975,
        0.995,
        0.996,
        0.9965
      ]
    },
    "cat": {
      "mean": 0.9933,
      "std": 0.0006782329983125046,
      "folds": [
        0.9935,
        0.994,
        0.9925,
        0.9925,
        0.994
      ]
    },
    "lgb": {
      "mean": 0.9974999999999999,
      "std": 0.0007745966692414841,
      "folds": [
        0.998,
        0.998,
        0.996,
        0.9975,
        0.998
      ]
    },
    "ensemble": {
      "mean": 0.9962
    }
  },
  "Primary_Fertilizer": {
    "rf": {
      "mean": 0.6521000000000001,
      "std": 0.0067409198185411,
      "folds": [
        0.646,
        0.657,
        0.6475,
        0.663,
        0.647
      ]
    },
    "xgb": {
      "mean": 0.6698,
      "std": 0.00966747123088558,
      "folds": [
        0.6535,
        0.676,
        0.6765,
        0.679,
        0.664
      ]
    },
    "cat": {
      "mean": 0.6479,
      "std": 0.010244022647378349,
      "folds": [
        0.6305,
        0.662,
        0.648,
        0.6525,
        0.6465
      ]
    },
    "lgb": {
      "mean": 0.6666000000000001,
      "std": 0.004397726685459184,
      "folds": [
        0.664,
        0.665,
        0.6695,
        0.6735,
        0.661
      ]
    },
    "ensemble": {
      "mean": 0.5894
    }
  },
  "pH_Amendment": {
    "rf": {
      "mean": 0.5886,
      "std": 0.008924124606929242,
      "folds": [
        0.5855,
        0.595,
        0.5995,
        0.5735,
        0.5895
      ]
    },
    "xgb": {
      "mean": 0.5829000000000001,
      "std": 0.007716216689544202,
      "folds": [
        0.5875,
        0.5895,
        0.58,
        0.569,
        0.5885
      ]
    },
    "cat": {
      "mean": 0.5841,
      "std": 0.005651548460377924,
      "folds": [
        0.584,
        0.5875,
        0.5915,
        0.5745,
        0.583
      ]
    },
    "lgb": {
      "mean": 0.5844,
      "std": 0.004973932046178371,
      "folds": [
        0.589,
        0.5875,
        0.5865,
        0.575,
        0.584
      ]
    },
    "ensemble": {
      "mean": 0.5477
    }
  }
}